"","V1","V2","V3","V4","V5","V6","V7","V8","V9","V10"
"1",168,172,165,156,196,166,187,14,250,127
"2",286,258,305,307,288,312,301,292,303,315
"3",300,302,333,344,268,337,303,345,354,288
"4",258,288,300,328,271,303,329,327,359,362
"5",267,222,455,121,363,405,257,250,25,21
"6",286,242,269,302,306,258,340,303,304,321
"7",269,678,682,259,681,680,268,300,266,683
"8",258,294,301,259,336,260,688,243,358,457
"9",340,242,521,479,507,402,527,615,690,276
"10",269,302,286,289,319,334,245,333,527,654
"11",286,750,268,258,690,332,749,350,751,300
"12",300,328,754,381,69,28,174,392,416,50
"13",294,286,310,340,307,308,311,268,333,305
"14",242,151,275,919,475,288,124,762,473,7
"15",286,302,310,754,303,937,333,292,690,306
"16",302,286,288,300,294,321,948,89,96,1
"17",286,269,245,294,243,323,7,100,475,125
"18",286,319,269,242,185,188,517,603,136,275
"19",319,887,313,258,288,268,294,310,325,655
"20",288,678,323,243,181,50,15,1,742,597
"21",324,292,326,319,258,872,300,748,286,299
"22",258,294,683,688,1000,173,186,238,153,154
"23",323,713,181,250,7,50,14,124,919,109
"24",258,300,289,288,358,294,129,919,475,117
"25",269,480,474,195,183,604,134,135,969,197
"26",286,315,292,751,288,269,750,300,258,321
"27",246,50,1017,475,9,596,508,515,742,100
"28",294,332,258,286,271,322,196,31,234,11
"29",302,286,268,303,294,306,245,270,332,326
"30",259,255,82,181,164,780,319,1013,172,161
"31",302,303,321,268,328,262,340,319,299,306
"32",268,313,294,288,307,271,259,245,246,50
"33",313,258,288,339,300,307,294,271,328,895
"34",242,310,288,690,286,1024,991,312,332,292
"35",258,266,876,748,300,321,259,322,678,333
"36",307,333,288,269,748,310,319,289,682,873
"37",288,948,685,222,273,7,121,825,546,405
"38",916,288,313,294,678,328,326,259,681,243
"39",315,272,319,900,345,313,269,302,333,258
"40",303,347,269,272,310,302,242,346,333,896
"41",313,286,289,751,746,96,180,265,195,514
"42",294,276,125,118,471,405,742,284,1,15
"43",286,258,328,321,294,289,323,300,301,298
"44",258,328,245,678,260,307,9,100,118,7
"45",288,127,50,7,237,282,257,100,181,845
"46",690,313,288,294,300,286,333,307,328,327
"47",292,269,258,286,321,302,268,289,305,262
"48",269,309,286,323,690,306,294,289,259,308
"49",302,270,347,313,346,904,995,300,268,262
"50",268,319,288,324,327,475,9,547,246,1010
"51",148,132,496,479,181,203,184,50,692,603
"52",333,258,302,919,15,100,7,237,285,151
"53",199,64,96,100,24,568,25,174,228,156
"54",302,333,258,327,748,288,328,338,245,325
"55",1016,50,273,117,7,257,121,1089,685,405
"56",300,258,323,748,294,678,79,82,183,265
"57",288,243,294,678,321,748,264,271,245,323
"58",269,313,268,9,50,408,109,237,116,813
"59",286,313,258,288,900,100,126,7,285,129
"60",751,286,327,525,132,144,30,601,493,64
"61",258,269,331,310,333,1127,751,328,690,327
"62",302,288,258,306,328,270,875,271,475,273
"63",268,258,302,286,333,321,262,948,288,306
"64",333,879,269,340,288,326,258,300,748,381
"65",328,258,651,69,806,70,64,135,511,97
"66",258,877,294,286,300,475,127,50,9,282
"67",64,1095,546,273,827,123,147,1093,1052,25
"68",258,286,288,245,276,181,475,763,117,50
"69",268,302,321,289,288,300,258,333,307,294
"70",313,300,751,678,264,257,298,50,172,228
"71",286,289,100,744,475,222,276,14,285,257
"72",129,117,25,471,685,1,124,9,100,15
"73",12,64,479,127,474,173,154,657,188,894
"74",272,354,258,340,315,300,268,313,302,333
"75",678,294,323,322,289,988,100,25,864,475
"76",258,286,324,327,264,23,192,89,203,276
"77",181,50,474,183,153,100,246,1,250,15
"78",269,301,288,327,294,323,289,880,298,257
"79",313,333,902,937,340,303,262,900,319,311
"80",269,303,260,886,887,87,154,483,199,215
"81",289,269,288,147,283,456,475,116,7,100
"82",286,9,50,596,7,181,1,14,919,100
"83",845,591,151,181,274,125,1,1060,685,121
"84",286,294,258,289,300,748,879,245,322,276
"85",300,286,289,319,325,1137,14,1171,813,100
"86",242,269,286,319,328,879,304,881,327,288
"87",300,303,135,523,64,48,199,179,180,210
"88",302,286,313,750,315,904,311,308,300,880
"89",321,875,277,100,93,275,475,15,127,845
"90",258,272,904,340,311,313,300,896,303,906
"91",313,300,333,343,682,750,331,326,328,294
"92",934,628,25,475,9,50,15,240,411,273
"93",477,121,283,14,275,276,222,845,1,151
"94",288,69,483,191,172,127,174,135,11,190
"95",289,137,24,25,237,275,151,683,181,286
"96",173,187,182,156,673,484,525,519,89,50
"97",135,408,482,168,430,132,496,98,173,435
"98",321,322,938,988,211,168,428,655,659,47
"99",268,331,288,326,895,342,332,313,310,682
"100",302,333,288,269,258,313,340,900,344,874
"101",304,282,846,50,7,1,280,117,829,123
"102",258,300,319,298,248,326,612,879,302,689
"103",121,24,222,181,257,250,527,117,127,255
"104",302,269,313,272,340,289,311,347,288,331
"105",313,302,269,324,270,271,340,268,333,272
"106",286,14,1,100,64,22,318,69,703,223
"107",313,286,333,269,302,305,340,268,271,321
"108",304,748,294,319,100,14,222,127,1,50
"109",258,245,322,294,323,332,748,288,358,100
"110",288,272,751,340,258,313,905,307,332,333
"111",887,340,269,272,258,315,354,304,313,242
"112",750,887,310,313,690,286,321,258,300,754
"113",321,319,242,289,288,258,300,262,322,678
"114",269,318,659,98,172,357,654,679,482,224
"115",310,269,302,137,628,273,980,696,121,741
"116",331,286,258,302,332,333,879,358,289,300
"117",288,268,307,748,271,886,678,358,181,150
"118",324,528,474,135,179,200,188,513,172,100
"119",300,286,322,323,275,866,100,458,50,455
"120",127,515,9,286,50,258,282,237,15,924
"121",300,514,631,736,11,100,644,174,124,357
"122",269,511,175,357,513,28,191,519,427,429
"123",286,242,288,319,289,321,294,22,127,707
"124",496,28,117,474,174,79,50,11,616,166
"125",269,173,434,357,79,204,64,181,144,210
"126",302,288,272,315,286,323,751,332,346,328
"127",294,288,750,690,268,901,300,258,748,343
"128",690,319,258,300,340,268,294,328,322,873
"129",270,313,286,302,300,272,242,303,269,310
"130",286,326,300,876,288,289,321,294,329,330
"131",248,14,124,845,274,287,1,275,744,100
"132",286,100,151,50,175,484,12,1019,1154,806
"133",315,313,286,751,328,346,300,306,258,304
"134",258,315,269,313,302,300,678,326,301,286
"135",294,325,258,288,260,321,324,327,475,744
"136",313,286,303,269,257,258,14,100,137,475
"137",690,300,748,327,289,266,260,680,687,243
"138",14,111,100,116,1,150,137,285,117,742
"139",286,302,1233,268,307,242,288,303,1176,744
"140",332,319,258,302,286,288,872,294,321,268
"141",286,294,313,258,288,245,322,988,678,323
"142",346,288,315,268,350,362,333,294,322,259
"143",315,272,313,286,288,258,331,307,690,328
"144",286,300,900,258,333,313,303,328,307,750
"145",286,258,242,300,299,327,688,260,680,259
"146",347,286,302,319,272,345,313,346,269,294
"147",269,319,750,302,304,340,751,690,313,898
"148",496,174,194,1039,168,175,172,1149,228,135
"149",269,313,286,272,333,262,302,345,319,305
"150",288,319,324,268,1,147,124,100,181,246
"151",328,286,258,302,321,748,301,300,260,223
"152",286,301,283,275,237,151,111,117,15,280
"153",294,321,323,322,678,325,64,216,265,357
"154",242,302,286,288,258,333,324,289,874,137
"155",328,286,288,331,872,321,319,324,300,292
"156",346,211,480,641,64,124,357,83,655,100
"157",286,515,150,1,1302,293,235,313,340,268
"158",302,294,271,275,408,273,127,250,149,116
"159",286,872,319,301,948,326,289,323,322,245
"160",100,408,9,137,825,952,124,628,1016,150
"161",315,286,309,898,316,272,135,523,48,1266
"162",294,358,25,50,508,298,742,222,181,1
"163",879,347,316,286,272,301,269,300,258,305
"164",331,300,258,690,751,313,307,323,245,326
"165",325,258,304,332,270,326,288,260,328,419
"166",313,315,288,258,286,347,346,294,751,328
"167",290,235,240,288,237,222,225,137,126,831
"168",294,313,258,323,300,748,259,325,678,988
"169",331,300,258,301,879,538,308,321,243,683
"170",292,300,245,322,328,984,258,323,294,288
"171",302,306,305,354,288,262,268,906,340,690
"172",697,425,1134,772,124,220,463,462,23,430
"173",258,286,242,268,269,305,302,306,294,321
"174",315,268,340,288,272,333,269,347,332,312
"175",50,176,187,483,172,11,133,98,661,215
"176",288,751,286,319,268,340,345,258,272,305
"177",258,302,333,292,340,300,324,270,268,334
"178",294,300,331,286,269,288,258,340,751,304
"179",269,340,902,916,347,302,914,316,315,272
"180",258,181,153,762,56,204,655,186,201,372
"181",286,319,288,294,332,328,300,333,270,301
"182",191,178,69,172,423,203,479,48,181,15
"183",270,258,202,229,228,227,450,380,449,96
"184",258,286,340,313,262,321,995,301,259,272
"185",286,196,318,1020,703,239,23,939,223,47
"186",288,300,322,591,742,291,298,121,100,983
"187",300,137,116,134,523,522,175,210,433,663
"188",288,300,294,326,877,678,259,144,265,11
"189",313,100,9,127,50,14,181,297,246,124
"190",340,258,326,328,895,989,898,327,294,539
"191",302,270,750,315,754,752,313,891,900,272
"192",269,258,302,301,340,1265,289,1160,127,1405
"193",268,286,347,750,313,362,328,258,300,333
"194",294,321,286,259,991,659,496,187,127,655
"195",753,67,779,771,1407,384,1414,386,1415,373
"196",242,286,269,306,340,1022,251,257,1007,1241
"197",346,347,302,344,311,333,313,272,306,340
"198",690,300,258,748,323,343,682,127,50,222
"199",258,269,242,286,892,268,324,989,539,313
"200",304,258,325,243,276,125,742,151,410,25
"201",313,292,242,750,302,268,258,303,286,895
"202",286,258,242,269,481,515,172,516,173,195
"203",288,258,294,326,321,271,304,336,332,879
"204",292,315,300,321,242,316,268,258,874,880
"205",300,286,315,304,313,258,242,269,294,326
"206",333,288,313,300,272,258,332,310,309,294
"207",100,475,56,194,294,286,117,276,121,14
"208",310,302,216,88,514,367,204,430,523,56
"209",286,1137,181,408,14,9,50,127,285,249
"210",300,23,58,662,969,56,832,173,211,153
"211",687,286,303,457,528,423,491,526,205,705
"212",286,268,269,515,246,127,317,197,427,645
"213",294,258,288,690,678,50,252,515,7,181
"214",268,288,872,294,334,752,325,307,346,269
"215",258,288,354,272,270,271,300,474,483,89
"216",408,282,100,181,1,129,93,9,50,1010
"217",258,300,185,174,50,172,195,56,210,7
"218",269,288,648,430,173,168,514,208,659,186
"219",258,269,882,303,347,935,936,546,114,433
"220",269,286,300,294,340,306,333,268,319,305
"221",327,259,847,181,100,50,508,273,475,7
"222",268,302,258,328,300,294,326,333,323,358
"223",286,288,1234,333,300,309,313,908,258,332
"224",300,286,313,751,258,328,294,333,301,322
"225",286,245,479,427,237,510,98,193,64,492
"226",286,270,242,258,480,408,179,169,176,203
"227",286,288,319,126,124,1007,244,13,273,276
"228",313,286,886,288,690,938,327,272,750,655
"229",313,750,258,347,272,303,328,340,300,751
"230",680,304,266,294,140,240,239,117,69,963
"231",127,1,15,255,866,476,597,151,121,405
"232",270,289,690,294,286,1,50,181,515,471
"233",515,828,223,89,958,192,640,511,483,187
"234",242,268,313,286,321,751,307,304,300,872
"235",319,344,1105,346,303,269,898,327,292,338
"236",313,286,200,507,132,462,176,181,435,196
"237",286,98,357,134,474,513,176,100,489,169
"238",286,258,538,294,300,301,125,257,237,181
"239",286,268,242,288,305,690,340,300,514,528
"240",288,272,269,302,300,313,286,301,751,242
"241",690,346,286,750,302,310,268,887,300,288
"242",294,475,1,283,291,237,1011,1137,934,1152
"243",286,268,127,275,137,246,280,237,93,813
"244",268,310,324,258,294,886,301,772,856,721
"245",300,210,133,94,222,151,597,473,596,1047
"246",993,50,423,96,1,178,56,919,95,216
"247",272,750,251,7,100,257,151,121,340,58
"248",294,678,343,323,324,179,474,194,98,198
"249",258,242,302,309,300,327,333,271,294,748
"250",258,288,294,324,748,331,321,323,260,264
"251",313,300,258,288,64,132,265,172,60,468
"252",300,286,268,742,7,275,740,224,847,277
"253",331,300,689,328,343,751,294,1025,895,237
"254",313,323,259,678,892,343,457,50,181,15
"255",300,258,294,271,324,332,748,335,328,879
"256",294,319,288,538,322,245,748,678,984,989
"257",258,288,269,286,289,324,307,301,475,275
"258",313,310,286,690,272,333,258,328,300,294
"259",255,286,298,185,173,772,108,288,928,117
"260",319,300,313,748,258,333,307,272,326,538
"261",340,1237,288,245,294,301,326,748,300,875
"262",121,252,147,7,278,235,255,931,293,762
"263",333,269,315,272,258,690,271,328,294,300
"264",269,294,345,873,288,286,683,448,153,168
"265",258,300,288,327,294,328,688,323,245,748
"266",286,272,313,319,268,321,289,874,325,245
"267",324,294,475,250,100,124,7,273,240,127
"268",288,286,475,16,10,116,718,206,198,652
"269",272,346,340,316,902,919,315,302,268,515
"270",306,286,258,242,268,288,872,327,335,741
"271",346,310,269,302,690,242,311,882,300,272
"272",1393,288,127,23,498,357,205,183,474,22
"273",340,307,286,272,319,315,900,313,896,311
"274",288,319,294,258,748,243,300,873,877,50
"275",300,258,1,408,1091,588,95,101,946,71
"276",258,300,294,328,322,288,323,324,325,358
"277",9,137,7,471,1129,124,100,276,1012,285
"278",347,315,313,269,302,301,882,306,286,258
"279",288,321,294,990,13,408,275,250,248,151
"280",313,751,690,294,748,323,678,316,1313,288
"281",288,310,690,308,338,258,333,271,326,331
"282",269,302,305,288,258,340,333,319,327,262
"283",294,50,100,109,151,125,845,409,1079,412
"284",313,286,347,272,345,906,262,305,887,750
"285",269,313,302,258,346,270,538,319,682,288
"286",288,289,988,237,628,151,248,408,257,50
"287",294,301,748,327,181,246,248,298,952,1067
"288",900,340,887,300,346,345,305,268,294,286
"289",282,685,471,125,222,742,117,815,147,15
"290",323,683,243,228,450,227,449,230,271,229
"291",324,288,245,325,237,475,129,147,181,9
"292",328,288,331,264,300,748,79,183,176,343
"293",346,300,313,258,302,751,272,303,286,245
"294",269,286,258,331,879,872,288,323,324,294
"295",493,511,172,318,655,191,190,174,11,1503
"296",242,292,313,948,304,750,286,309,268,303
"297",286,300,326,258,294,245,748,678,100,275
"298",286,172,485,588,174,69,133,603,211,483
"299",286,303,294,288,300,749,264,289,259,127
"300",288,300,294,948,322,261,687,243,328,872
"301",7,109,250,127,9,237,181,288,24,1
"302",307,258,748,303,270,333,309,301,328,289
"303",302,286,258,288,872,269,262,321,324,319
"304",288,310,879,286,895,681,328,259,243,323
"305",690,286,300,242,302,305,268,904,272,326
"306",306,269,242,319,321,286,258,303,289,275
"307",82,257,408,515,483,746,153,1028,24,21
"308",322,319,313,309,264,294,288,678,321,259
"309",300,258,303,242,304,1296,690,879,306,331
"310",258,304,748,1022,832,251,222,116,181,536
"311",258,750,751,754,306,300,310,329,321,326
"312",269,121,408,847,180,484,480,156,174,137
"313",258,333,328,300,326,748,331,892,245,1
"314",268,682,328,288,294,948,332,322,938,873
"315",302,269,286,324,303,301,523,318,127,187
"316",286,306,292,988,323,304,289,678,707,213
"317",331,288,313,354,300,268,299,683,326,328
"318",269,750,294,301,340,326,321,312,898,315
"319",267,301,333,269,302,332,879,340,307,306
"320",300,340,288,892,292,895,294,678,751,358
"321",496,134,1194,474,64,603,479,56,604,170
"322",751,303,346,272,258,127,185,194,216,156
"323",286,258,300,319,288,294,333,332,268,334
"324",332,307,286,300,331,340,310,339,538,690
"325",340,313,272,269,286,305,319,345,325,271
"326",496,174,194,493,168,613,170,435,515,97
"327",286,258,302,327,886,333,336,874,269,682
"328",302,690,333,286,343,258,750,289,879,328
"329",269,272,288,313,302,286,333,303,294,300
"330",286,989,181,100,255,864,293,284,763,50
"331",242,286,653,705,514,475,223,178,124,132
"332",313,258,288,300,271,328,678,294,327,322
"333",315,269,300,748,316,276,174,520,180,435
"334",269,310,286,896,313,303,268,306,272,305
"335",269,258,313,902,340,305,328,288,333,307
"336",1011,15,1054,105,66,72,451,33,732,1249
"337",515,742,181,50,106,127,235,1016,257,25
"338",310,286,269,306,294,990,301,204,275,83
"339",343,126,483,98,327,654,435,1301,607,357
"340",174,179,204,265,435,50,423,172,215,418
"341",292,288,1527,887,299,1280,335,872,876,1025
"342",286,326,319,324,327,262,301,875,294,289
"343",303,269,302,286,258,288,333,324,334,358
"344",286,315,678,245,306,313,268,304,303,896
"345",272,300,303,268,269,313,305,286,333,301
"346",748,300,50,366,172,1011,134,175,210,176
"347",300,286,328,333,258,879,288,323,294,748
"348",288,313,323,294,243,245,988,1,742,237
"349",325,9,285,471,10,459,126,20,713,455
"350",286,324,50,127,429,1,479,172,23,210
"351",286,689,310,258,340,301,300,341,880,879
"352",302,181,183,89,195,50,176,79,55,17
"353",340,331,301,328,300,270,245,327,326,271
"354",242,269,268,272,258,313,319,904,344,286
"355",310,286,689,1429,358,681,288,682,264,260
"356",315,347,331,313,272,310,286,1294,300,333
"357",984,294,258,326,334,270,245,304,687,322
"358",896,268,324,258,221,127,8,1524,529,1021
"359",286,1,246,408,748,50,117,455,181,295
"360",269,303,302,286,308,306,258,242,304,334
"361",286,258,435,514,150,83,194,652,655,100
"362",302,333,347,288,313,300,294,879,258,268
"363",302,313,258,315,333,682,691,288,270,347
"364",690,269,319,286,302,268,289,288,294,262
"365",272,269,288,315,271,1420,268,258,895,321
"366",7,413,288,758,853,185,56,854,98,234
"367",334,258,302,268,288,324,876,331,333,326
"368",313,292,320,164,234,7,448,56,201,98
"369",346,752,335,751,948,988,243,358,890,166
"370",302,269,294,321,322,323,257,56,114,174
"371",50,181,69,194,237,64,117,127,496,22
"372",286,262,288,333,299,327,875,678,292,874
"373",259,328,286,748,269,210,487,204,318,48
"374",294,292,310,872,289,322,323,948,457,237
"375",300,288,302,525,183,603,176,234,1073,185
"376",268,301,321,328,289,154,514,603,663,707
"377",288,268,271,313,272,354,751,1105,895,258
"378",286,288,294,304,875,276,100,273,1,14
"379",286,294,98,100,56,234,164,200,447,185
"380",258,272,302,306,286,313,750,315,183,170
"381",216,83,79,378,480,582,403,512,1098,529
"382",258,286,1142,50,1381,127,100,7,25,276
"383",313,272,315,286,302,345,340,268,321,319
"384",272,347,333,302,286,313,258,343,329,327
"385",286,340,304,874,337,285,236,127,224,293
"386",455,50,1016,515,222,127,181,7,117,24
"387",268,333,195,23,101,7,531,1115,113,127
"388",298,628,596,117,121,237,1,147,508,100
"389",302,286,100,127,591,109,475,50,181,847
"390",302,286,258,304,319,754,990,329,989,328
"391",286,258,328,748,300,294,322,288,264,678
"392",302,319,286,268,345,313,269,346,270,303
"393",362,751,258,288,315,272,313,270,347,310
"394",1371,358,164,101,181,28,91,156,1,288
"395",286,313,750,258,300,342,328,748,343,892
"396",333,300,329,751,288,245,260,322,271,323
"397",322,243,327,688,680,991,988,261,878,457
"398",991,127,15,181,13,111,126,276,476,283
"399",302,288,301,754,332,307,268,289,328,1393
"400",300,286,306,269,689,258,313,288,690,294
"401",315,302,286,272,751,321,294,342,328,316
"402",286,258,257,13,137,126,50,475,9,275
"403",258,50,471,288,129,7,515,181,276,111
"404",690,313,258,1238,272,286,302,754,331,333
"405",302,347,288,313,521,132,193,468,482,480
"406",289,294,286,496,515,519,498,478,513,127
"407",234,189,238,484,209,474,168,496,8,519
"408",286,302,270,272,315,347,313,310,288,328
"409",288,286,300,303,538,321,327,1176,270,338
"410",354,340,300,347,258,303,882,352,538,754
"411",304,405,222,22,195,651,182,56,228,227
"412",288,340,114,318,634,174,969,28,508,1
"413",306,269,690,303,286,301,302,258,307,332
"414",272,258,302,313,270,264,310,346,678,300
"415",269,328,258,323,322,754,748,243,479,432
"416",268,269,303,748,294,990,323,289,245,678
"417",242,258,302,270,713,508,293,50,127,15
"418",333,344,331,315,302,258,895,346,750,300
"419",286,269,306,300,257,405,275,50,604,79
"420",302,750,270,286,753,478,603,513,484,173
"421",269,914,302,333,331,915,879,82,50,173
"422",258,324,286,326,299,327,358,288,260,323
"423",272,340,292,310,269,344,879,313,302,304
"424",286,690,258,310,882,538,304,689,289,288
"425",302,286,319,258,288,294,300,678,879,289
"426",754,289,332,492,705,648,609,641,510,511
"427",319,302,258,286,304,331,300,328,322,292
"428",690,750,272,1024,886,294,302,352,242,310
"429",307,321,457,173,98,170,238,237,214,50
"430",302,286,288,294,300,748,303,328,264,137
"431",286,302,269,690,303,300,748,294,328,332
"432",315,300,313,93,293,298,150,508,117,250
"433",302,690,303,269,286,300,333,754,268,340
"434",347,287,1051,151,225,15,844,7,283,111
"435",294,288,300,895,258,333,299,331,264,271
"436",347,288,340,313,348,264,327,895,748,325
"437",286,288,748,292,180,134,11,614,208,116
"438",321,269,286,245,301,300,50,9,181,100
"439",242,288,300,895,301,307,268,273,100,246
"440",242,313,310,272,904,690,750,300,304,328
"441",288,313,300,538,259,294,751,342,338,683
"442",350,313,695,286,988,268,873,294,342,1098
"443",286,313,269,307,327,294,258,333,271,340
"444",286,258,306,313,328,751,748,50,9,100
"445",268,333,300,23,100,144,12,150,433,195
"446",306,879,340,883,288,292,301,270,690,268
"447",258,300,879,748,678,260,9,298,508,237
"448",1294,303,333,288,896,316,302,360,269,900
"449",286,269,333,127,285,251,14,475,117,9
"450",302,269,286,292,689,304,270,258,340,301
"451",332,286,258,690,331,301,307,326,876,294
"452",491,520,207,170,480,528,173,490,615,514
"453",258,515,268,475,456,117,276,246,257,100
"454",300,302,326,258,879,327,310,748,270,259
"455",300,269,258,286,323,270,245,678,304,1
"456",1008,508,14,150,985,1,919,1129,933,922
"457",282,476,228,229,258,230,304,450,288,222
"458",302,9,685,7,100,285,1,276,1011,275
"459",286,300,328,333,301,258,332,879,259,307
"460",321,303,301,258,294,245,288,322,302,313
"461",302,313,259,347,682,269,242,258,321,327
"462",272,310,682,313,288,300,292,895,326,678
"463",690,269,302,306,988,304,749,268,243,285
"464",289,269,300,258,286,302,288,358,321,322
"465",286,319,258,300,7,481,529,180,513,190
"466",269,268,354,300,326,327,308,682,321,294
"467",302,269,268,327,258,340,264,50,150,7
"468",258,321,286,294,222,100,471,475,181,9
"469",286,306,215,64,161,510,507,513,153,923
"470",268,288,286,258,319,294,305,327,919,221
"471",878,418,50,404,95,465,82,432,172,596
"472",288,748,294,260,264,50,181,250,257,254
"473",319,302,242,327,268,303,321,14,1143,1142
"474",288,302,313,315,286,346,258,326,259,289
"475",313,302,327,258,286,269,306,347,303,902
"476",175,194,83,168,692,4,430,435,209,173
"477",237,294,25,756,369,280,88,724,732,794
"478",350,300,327,93,7,222,1,591,124,151
"479",258,294,324,328,270,300,879,304,271,748
"480",319,272,302,347,298,1388,127,1007,100,237
"481",313,50,181,678,322,252,1089,210,648,153
"482",269,315,313,328,301,311,748,294,245,988
"483",286,258,181,1,515,676,275,116,107,9
"484",294,930,252,924,28,50,181,293,15,25
"485",313,311,242,302,269,538,328,345,889,347
"486",690,286,333,889,328,302,262,882,242,306
"487",313,286,333,748,294,288,270,258,301,340
"488",292,288,751,286,245,322,259,299,358,873
"489",313,333,269,326,751,304,359,346,360,984
"490",333,258,286,289,222,1,515,596,298,952
"491",286,319,127,493,475,129,124,19,116,7
"492",286,483,97,275,699,199,100,462,654,124
"493",258,300,751,262,879,271,288,328,886,327
"494",286,294,300,289,748,245,322,329,358,323
"495",182,9,69,419,50,208,523,204,181,173
"496",268,288,333,181,7,246,150,222,147,109
"497",242,258,288,294,300,358,268,748,325,260
"498",269,302,288,887,127,1007,251,137,919,150
"499",690,271,300,301,887,312,328,251,50,7
"500",286,294,258,304,300,328,319,289,988,268
"501",313,307,324,288,294,342,245,678,844,121
"502",350,313,333,288,258,754,682,879,539,300
"503",321,319,269,306,303,137,1194,127,50,14
"504",678,288,258,310,307,292,323,245,330,322
"505",258,300,332,328,748,271,259,294,245,988
"506",475,274,363,10,878,137,510,478,1020,367
"507",302,258,288,343,690,319,333,313,269,754
"508",269,181,121,173,98,172,168,317,511,357
"509",345,288,751,310,302,268,258,309,754,690
"510",286,300,313,333,258,292,288,876,245,325
"511",300,346,292,340,313,872,887,333,880,288
"512",313,302,1238,258,286,325,183,11,97,186
"513",127,258,181,250,50,763,117,222,257,405
"514",258,531,169,178,168,283,746,1,69,15
"515",313,288,315,302,1430,347,258,538,332,750
"516",310,902,50,250,286,181,515,660,194,582
"517",335,538,1016,294,105,1,405,755,117,111
"518",300,288,10,9,475,924,471,14,276,919
"519",268,288,333,327,313,332,324,339,895,264
"520",269,286,311,690,242,310,300,990,898,289
"521",288,268,751,258,271,300,1022,343,748,50
"522",100,79,654,135,180,12,192,168,514,173
"523",242,269,306,258,1022,289,874,301,255,935
"524",286,269,302,311,322,895,259,301,304,321
"525",332,300,288,289,322,127,282,125,248,257
"526",270,346,302,272,258,269,754,750,690,288
"527",286,324,878,659,507,651,647,191,357,124
"528",56,77,479,657,526,213,173,239,82,83
"529",269,310,286,307,333,332,689,300,873,323
"530",50,582,100,195,98,692,357,174,487,196
"531",288,302,327,286,311,990,690,259,332,751
"532",761,227,143,1221,1199,38,451,795,105,1228
"533",603,514,480,484,792,474,462,91,663,527
"534",331,748,288,322,325,294,243,687,333,300
"535",269,302,338,286,301,268,300,319,921,686
"536",271,304,596,50,405,275,283,1115,181,274
"537",269,313,262,272,302,311,345,300,242,750
"538",258,289,294,174,191,210,183,318,176,153
"539",242,289,303,269,319,306,301,258,286,340
"540",258,286,269,294,333,300,332,343,310,340
"541",258,678,304,1084,527,427,28,511,651,655
"542",315,288,346,347,509,50,265,684,237,479
"543",24,111,742,117,508,129,118,179,694,134
"544",286,258,750,288,304,270,346,302,310,313
"545",328,689,271,266,326,680,258,181,50,257
"546",286,347,313,895,457,346,258,690,294,271
"547",333,345,315,269,302,258,751,313,354,301
"548",311,345,302,286,272,750,258,307,310,690
"549",258,323,748,678,1,50,181,515,282,151
"550",50,181,257,748,255,249,258,993,1620,323
"551",316,313,272,315,302,286,917,288,307,268
"552",286,258,300,988,243,748,294,873,301,322
"553",307,89,479,641,515,611,483,496,497,178
"554",288,678,294,245,100,9,286,742,237,275
"555",271,326,269,302,288,748,340,258,319,328
"556",319,286,302,327,288,340,268,325,324,294
"557",294,289,292,322,325,253,246,127,257,252
"558",286,124,1068,275,137,744,9,14,283,15
"559",315,311,265,1556,196,205,318,187,520,521
"560",302,288,258,301,321,319,270,268,1265,271
"561",286,268,751,302,258,345,346,1024,243,343
"562",286,323,1,318,636,133,98,181,435,357
"563",294,321,301,304,678,70,255,257,237,220
"564",313,272,302,312,1025,1399,300,333,345,344
"565",166,165,171,170,639,1396,923,207,212,10
"566",242,327,879,260,289,483,529,22,135,479
"567",606,175,173,56,603,198,109,187,490,506
"568",269,286,242,319,303,988,301,165,162,509
"569",302,286,258,300,333,340,321,294,325,301
"570",302,340,258,303,305,271,288,690,301,268
"571",124,1039,69,191,47,194,496,604,174,45
"572",286,319,300,301,289,476,813,121,124,9
"573",347,286,237,127,275,258,50,685,713,283
"574",315,272,302,345,900,347,242,258,1313,1022
"575",294,321,322,304,98,603,506,194,176,318
"576",294,678,323,100,124,280,237,7,1,15
"577",294,338,121,1,405,237,15,100,281,7
"578",288,346,313,300,751,245,294,678,298,1016
"579",288,269,331,333,328,286,258,268,303,326
"580",300,258,329,271,343,294,289,348,323,358
"581",269,285,515,100,813,1367,50,224,222,847
"582",258,288,268,294,750,269,271,300,313,321
"583",286,268,258,83,663,276,513,708,519,483
"584",313,230,228,229,227,258,222,541,249,108
"585",286,313,340,1158,1344,170,190,45,923,19
"586",127,181,50,222,820,257,284,742,117,250
"587",272,269,313,315,302,288,316,310,286,307
"588",258,315,347,268,333,362,286,272,326,313
"589",286,307,333,324,313,268,258,340,538,682
"590",754,285,1129,19,124,744,100,14,150,137
"591",286,300,306,322,191,466,172,615,923,196
"592",242,332,268,269,303,302,754,262,286,324
"593",322,181,100,275,56,70,255,371,276,1
"594",319,292,245,988,19,100,515,181,127,14
"595",268,346,289,258,288,324,748,358,294,304
"596",313,286,288,678,323,258,300,895,294,289
"597",300,242,289,286,678,323,990,748,326,294
"598",691,347,269,751,308,300,292,690,343,895
"599",288,319,872,682,260,294,748,873,988,888
"600",269,22,181,127,50,651,89,515,56,195
"601",1296,258,324,288,259,294,325,260,100,127
"602",300,895,880,358,294,304,343,538,748,259
"603",230,271,222,228,50,380,229,449,62,450
"604",48,127,183,234,56,100,7,98,444,185
"605",300,286,269,340,302,288,325,873,294,301
"606",288,678,323,50,93,129,713,250,181,124
"607",887,487,100,483,485,474,435,174,528,180
"608",269,286,300,262,310,327,294,690,886,301
"609",313,258,288,285,287,147,15,125,294,750
"610",315,331,751,294,288,271,352,272,313,750
"611",269,303,333,344,288,311,302,751,272,690
"612",300,322,259,243,878,15,237,117,924,275
"613",303,272,64,127,632,576,1157,509,607,514
"614",288,289,546,1142,9,1,14,508,100,1009
"615",302,269,286,303,937,306,262,319,332,294
"616",315,333,286,307,292,269,272,362,302,303
"617",294,242,313,345,269,1612,1316,302,288,1021
"618",313,23,64,684,93,497,132,204,187,172
"619",750,331,333,302,313,307,326,258,346,350
"620",300,268,288,354,313,294,323,260,678,243
"621",692,393,88,73,33,208,1118,780,72,367
"622",294,408,250,277,100,7,845,117,1,1216
"623",286,288,283,127,181,258,15,298,815,274
"624",258,286,327,271,333,340,288,268,321,690
"625",748,258,286,678,300,209,202,181,188,945
"626",286,302,288,294,258,324,988,948,289,748
"627",258,288,690,271,300,328,358,245,318,92
"628",270,302,874,305,300,361,292,338,690,984
"629",286,269,301,294,991,300,340,270,324,881
"630",300,310,294,288,258,895,322,323,243,988
"631",313,272,288,315,334,310,346,286,307,873
"632",318,357,183,432,12,95,7,181,196,133
"633",288,289,300,328,317,654,98,1019,921,318
"634",331,14,283,1084,408,150,275,100,137,741
"635",269,301,302,294,262,307,331,268,682,333
"636",258,313,272,9,100,1,275,813,283,10
"637",268,323,301,873,325,289,245,690,332,294
"638",183,50,515,89,510,187,172,181,195,435
"639",242,313,750,306,269,311,286,305,990,300
"640",790,11,12,496,382,56,180,170,474,134
"641",258,303,268,270,305,301,336,338,285,198
"642",258,294,748,463,136,22,82,15,173,1000
"643",100,50,515,408,282,288,508,1,273,246
"644",258,300,333,307,294,308,326,330,748,328
"645",319,258,288,340,268,286,748,301,243,963
"646",346,347,690,258,300,313,328,310,315,272
"647",705,79,174,328,1014,588,490,631,748,294
"648",286,275,50,181,929,1,7,742,14,222
"649",147,121,1,50,815,298,181,291,282,250
"650",269,315,898,270,258,751,286,309,271,316
"651",286,294,302,332,292,127,285,116,515,276
"652",333,288,294,307,300,879,301,748,538,286
"653",294,333,748,127,187,83,746,56,55,455
"654",313,302,268,300,751,288,332,748,294,689
"655",302,315,242,286,306,359,347,1022,301,900
"656",286,269,272,316,302,347,346,340,344,303
"657",302,340,301,300,690,286,269,346,294,327
"658",515,100,24,276,137,1079,9,235,1,181
"659",272,316,257,294,345,50,315,255,252,1138
"660",315,313,272,307,898,271,362,347,328,266
"661",258,222,647,514,135,174,185,178,69,209
"662",286,319,276,591,1342,50,10,813,13,1511
"663",286,272,258,315,268,288,313,749,333,300
"664",286,268,302,319,306,326,678,328,179,197
"665",286,346,319,294,328,271,748,301,538,687
"666",300,270,245,301,258,302,339,288,331,333
"667",313,272,268,315,269,301,880,316,234,694
"668",286,300,269,302,340,307,271,538,328,258
"669",348,354,258,326,879,329,355,323,898,340
"670",245,949,603,168,199,135,519,615,659,515
"671",748,258,327,50,181,7,257,841,250,298
"672",269,301,321,874,127,280,220,50,237,515
"673",269,272,315,300,313,302,750,258,340,268
"674",294,288,300,304,315,313,751,292,245,678
"675",347,286,272,306,750,269,303,242,305,896
"676",313,315,302,269,272,316,750,286,258,300
"677",288,307,294,323,322,245,908,358,268,300
"678",332,300,111,924,287,285,15,181,50,275
"679",288,286,327,294,322,268,748,751,249,484
"680",286,269,242,294,9,195,318,169,203,517
"681",286,270,750,898,1176,258,538,310,304,1394
"682",748,258,678,288,294,245,323,948,243,12
"683",313,269,900,286,915,258,311,270,303,914
"684",121,100,151,408,742,50,1,1028,181,117
"685",286,872,333,288,334,886,327,289,991,269
"686",327,299,48,172,205,22,134,192,474,651
"687",313,269,288,324,286,749,321,340,294,323
"688",302,307,326,754,329,304,359,341,898,309
"689",300,748,879,358,181,222,258,125,109,150
"690",294,73,655,216,238,208,194,211,202,56
"691",294,748,304,243,322,56,631,604,79,496
"692",321,294,326,127,845,692,287,66,56,285
"693",258,333,300,273,9,127,12,318,193,521
"694",300,9,641,520,498,357,484,195,530,1050
"695",300,311,305,887,882,313,302,242,895,268
"696",305,315,347,286,1176,1062,302,344,313,310
"697",331,333,754,300,288,310,305,307,302,271
"698",258,751,300,330,307,294,988,50,127,257
"699",288,294,127,111,50,14,151,181,225,9
"700",181,28,651,173,169,174,50,222,202,56
"701",269,286,690,300,313,315,272,750,303,304
"702",346,288,258,313,350,307,690,1127,352,300
"703",258,288,300,294,748,323,328,259,322,7
"704",304,340,300,289,322,259,354,316,1296,302
"705",286,300,298,181,257,117,50,111,275,283
"706",245,333,331,288,294,325,682,323,687,258
"707",1176,286,303,294,1022,319,242,305,882,995
"708",9,50,127,117,181,280,21,713,121,993
"709",173,959,318,215,64,129,209,69,181,79
"710",286,310,269,294,302,258,303,874,268,334
"711",286,258,111,181,50,475,257,121,763,283
"712",220,1040,510,731,417,50,385,623,97,66
"713",1431,345,286,750,272,300,882,315,362,302
"714",100,9,1,237,257,291,255,15,276,111
"715",268,181,117,100,1,150,249,273,50,252
"716",300,340,260,1,50,222,181,293,248,127
"717",302,340,262,326,286,303,331,333,327,301
"718",300,689,879,289,111,471,222,273,282,255
"719",79,98,185,294,289,7,285,237,890,127
"720",315,269,302,313,262,347,887,242,306,286
"721",258,269,300,264,879,326,328,301,334,268
"722",300,333,310,286,748,294,307,328,322,678
"723",286,258,748,289,50,172,168,9,169,189
"724",272,313,269,302,310,308,750,1234,305,879
"725",321,288,294,358,748,322,245,873,264,15
"726",310,323,294,355,898,763,257,274,25,1038
"727",538,294,268,748,343,271,328,1025,751,879
"728",286,748,319,323,322,289,678,304,243,25
"729",690,346,310,288,879,294,751,338,901,683
"730",332,269,340,268,258,300,327,294,873,748
"731",69,170,14,64,496,56,494,484,127,606
"732",300,286,269,690,304,882,332,873,243,937
"733",242,302,258,284,287,1,458,124,515,221
"734",751,172,132,313,288,28,50,318,582,213
"735",258,690,286,242,288,301,333,319,300,304
"736",748,50,181,257,246,324,255,294,533,1089
"737",180,169,171,89,100,156,475,196,154,137
"738",258,260,298,181,257,1016,250,252,254,7
"739",286,751,288,333,100,359,1429,327,1431,301
"740",332,258,271,319,328,326,322,748,873,938
"741",288,475,427,204,66,174,22,56,423,50
"742",258,294,321,50,24,181,1,13,14,127
"743",300,292,269,302,242,308,289,303,301,258
"744",28,238,9,156,603,428,188,657,963,482
"745",302,258,124,100,1,9,515,14,936,50
"746",79,50,172,183,181,128,56,399,144,568
"747",303,302,347,268,288,269,900,305,262,313
"748",258,319,286,326,300,748,328,323,678,271
"749",294,258,300,326,748,292,358,322,328,245
"750",286,269,258,288,328,270,306,305,322,1280
"751",347,315,300,272,538,305,270,301,310,332
"752",313,310,900,333,750,315,904,896,347,882
"753",272,313,269,359,242,286,304,294,316,898
"754",286,328,340,937,243,307,359,127,293,273
"755",294,690,300,269,937,310,286,881,880,258
"756",258,300,173,1,1149,171,275,1009,30,256
"757",333,313,258,288,271,751,326,270,895,323
"758",258,269,324,286,242,305,262,303,311,328
"759",300,258,748,294,323,678,1,742,127,181
"760",258,288,300,748,873,819,845,237,278,125
"761",258,288,748,294,678,358,326,988,245,243
"762",302,286,270,875,749,332,116,515,475,237
"763",286,258,879,98,173,50,60,200,210,461
"764",286,321,323,294,100,9,50,273,1152,13
"765",242,286,14,151,137,50,283,10,222,248
"766",272,294,675,176,180,514,134,174,481,178
"767",300,344,486,98,100,163,505,524,659,172
"768",340,332,245,275,845,471,151,16,815,282
"769",269,258,748,1093,1,15,222,121,284,237
"770",303,258,302,268,875,300,288,333,323,289
"771",690,242,286,408,137,15,283,258,50,83
"772",304,323,264,328,331,258,678,322,245,326
"773",354,258,887,343,751,288,268,286,324,260
"774",294,300,258,307,1305,795,545,659,208,175
"775",286,270,269,272,302,315,344,348,750,258
"776",708,603,511,474,187,318,485,168,135,656
"777",286,690,288,245,100,117,9,1,1079,273
"778",42,154,168,144,550,226,180,79,238,174
"779",258,304,300,879,328,294,243,1,181,15
"780",313,300,286,887,339,294,97,216,423,28
"781",286,878,288,322,324,258,268,327,289,245
"782",313,315,354,302,333,269,272,690,750,1127
"783",288,269,750,286,258,300,292,333,346,876
"784",286,313,315,300,750,302,303,272,346,344
"785",288,269,301,886,748,294,995,168,661,496
"786",286,111,100,127,125,280,275,1,15,276
"787",310,690,306,286,345,268,899,333,307,937
"788",302,331,286,879,322,754,326,300,328,289
"789",288,127,286,475,93,276,129,1,100,124
"790",294,268,288,259,328,748,678,687,1025,181
"791",286,288,269,302,331,294,327,300,306,299
"792",9,742,129,151,405,1047,926,124,591,15
"793",294,288,117,127,1014,181,9,844,150,237
"794",242,286,269,887,751,1251,515,275,150,14
"795",319,100,25,10,742,181,50,109,7,919
"796",313,272,316,269,286,333,100,591,315,270
"797",286,269,309,327,300,243,748,294,328,336
"798",321,289,258,988,323,748,878,687,259,243
"799",258,690,319,286,289,292,321,748,331,307
"800",294,304,457,181,275,222,276,50,1,118
"801",354,302,268,313,332,294,300,328,682,288
"802",286,258,302,294,1025,326,288,323,687,358
"803",286,242,269,303,306,300,887,754,311,261
"804",307,328,310,988,678,259,748,322,243,984
"805",294,338,259,331,50,323,678,358,748,127
"806",324,286,302,288,258,690,343,879,875,271
"807",313,258,300,748,271,1483,751,678,358,289
"808",288,333,286,751,270,271,332,300,245,325
"809",272,313,302,315,340,319,286,307,331,258
"810",294,288,321,323,243,881,873,289,678,878
"811",286,292,308,690,307,304,258,895,300,289
"812",286,302,1393,682,288,326,678,333,294,245
"813",294,9,898,750,751,307,310,877,300,690
"814",288,358,656,100,675,56,234,201,98,185
"815",127,50,9,515,250,181,919,117,993,7
"816",288,300,313,326,678,331,322,690,328,332
"817",258,876,300,327,294,288,748,329,358,328
"818",269,313,286,300,303,302,316,912,328,690
"819",303,286,300,258,304,340,319,327,245,321
"820",315,286,347,258,333,538,302,288,313,358
"821",294,1084,100,275,14,476,117,763,237,181
"822",272,333,902,539,751,1110,1240,206,358,408
"823",286,659,172,174,408,191,197,164,100,426
"824",286,268,292,288,319,259,304,323,321,294
"825",294,307,50,9,593,222,7,127,116,250
"826",288,258,313,332,309,294,748,678,271,260
"827",258,268,302,269,343,300,286,689,301,288
"828",313,286,306,269,303,887,340,327,328,270
"829",100,13,410,116,515,190,213,170,855,512
"830",313,310,183,98,837,205,427,480,661,87
"831",333,272,315,327,331,340,328,270,313,258
"832",313,286,258,328,326,294,307,895,260,876
"833",289,324,288,328,262,240,127,515,1386,129
"834",347,294,258,346,268,751,300,342,326,343
"835",354,313,288,286,294,325,988,127,591,685
"836",690,286,268,288,258,269,292,750,900,896
"837",286,258,294,289,328,151,1009,237,222,16
"838",311,302,258,313,300,750,748,271,286,289
"839",319,286,258,333,321,326,292,264,323,260
"840",272,750,303,884,100,285,14,515,137,221
"841",313,272,300,333,315,306,323,344,751,286
"842",269,315,302,272,344,258,362,313,306,303
"843",270,271,258,690,300,675,56,448,672,447
"844",258,294,690,326,300,260,117,251,919,100
"845",313,272,1463,268,302,1238,896,904,303,306
"846",258,270,269,748,294,289,271,288,302,268
"847",288,258,261,948,262,301,243,289,125,742
"848",899,689,294,650,511,185,234,640,498,615
"849",288,298,121,406,928,118,427,568,633,38
"850",300,294,659,202,318,663,568,196,153,480
"851",687,696,284,295,544,473,290,147,121,717
"852",289,127,264,323,274,257,678,515,181,260
"853",271,286,302,292,333,301,328,300,334,690
"854",333,294,269,286,343,270,303,258,302,268
"855",165,512,283,45,170,171,475,462,86,919
"856",310,313,347,272,750,315,307,286,258,690
"857",898,348,258,294,300,328,304,321,325,259
"858",269,286,292,690,754,689,289,327,678,323
"859",313,275,535,1281,282,151,249,118,294,1315
"860",300,286,262,303,302,333,690,305,1061,307
"861",294,289,301,319,286,242,292,321,937,305
"862",258,288,748,260,678,271,111,117,977,515
"863",315,313,302,272,303,288,346,340,270,332
"864",258,408,50,121,13,1,100,1016,124,405
"865",302,268,258,271,328,100,547,408,847,1
"866",300,302,313,305,889,896,272,306,242,887
"867",286,258,300,690,270,294,328,289,323,748
"868",268,327,358,1028,209,132,433,176,210,651
"869",288,242,294,312,315,237,181,50,116,275
"870",286,289,873,288,327,328,988,641,646,520
"871",333,331,315,690,307,347,271,245,337,883
"872",258,310,288,347,300,313,328,272,682,354
"873",286,269,292,313,300,294,750,307,289,321
"874",305,286,311,313,302,346,751,306,340,321
"875",258,269,302,286,268,321,288,294,334,300
"876",286,288,294,289,878,19,187,276,511,178
"877",286,288,306,270,302,269,690,307,326,258
"878",286,269,690,321,275,19,236,137,50,9
"879",300,292,751,304,294,181,255,125,597,127
"880",288,300,302,327,258,879,301,328,294,689
"881",289,748,259,294,304,333,243,678,117,1
"882",288,294,258,748,243,988,117,471,222,815
"883",346,315,882,302,306,270,269,896,345,750
"884",269,258,268,322,323,300,275,9,100,285
"885",245,300,538,338,50,181,290,100,274,111
"886",268,288,328,54,12,153,318,187,191,184
"887",305,50,718,7,257,100,127,258,1084,1015
"888",269,286,180,100,191,792,644,111,202,869
"889",302,269,258,303,271,879,327,300,262,268
"890",340,286,479,185,483,514,515,133,200,7
"891",274,756,933,531,127,117,546,978,597,278
"892",300,357,484,318,648,100,483,393,195,523
"893",258,288,323,298,1,294,69,259,237,1012
"894",269,302,268,242,258,289,288,879,262,270
"895",748,294,328,301,988,885,181,13,1,222
"896",310,302,300,258,271,872,307,325,260,182
"897",294,288,323,243,22,82,98,40,204,69
"898",300,272,315,313,258,286,270,242,539,310
"899",50,742,117,275,181,222,455,685,258,282
"900",294,288,325,508,137,121,237,124,9,100
"901",748,294,322,988,111,50,222,1620,237,929
"902",258,302,294,306,328,333,326,754,327,300
"903",288,129,127,475,515,147,100,273,293,7
"904",300,288,328,682,289,9,117,628,181,255
"905",333,258,313,302,328,326,751,345,245,322
"906",286,307,300,991,321,270,100,7,9,285
"907",286,258,340,326,288,294,301,748,245,988
"908",300,288,322,264,98,525,648,55,7,484
"909",286,292,300,880,339,326,261,116,224,582
"910",250,181,9,100,298,124,282,628,508,257
"911",313,272,1203,1039,89,835,427,174,172,483
"912",268,611,523,498,427,483,474,653,507,496
"913",4,289,301,310,268,288,475,498,265,183
"914",313,197,371,451,778,692,216,381,724,781
"915",310,313,315,302,321,304,307,301,286,1038
"916",286,268,271,748,678,100,246,150,298,475
"917",268,751,289,328,879,312,100,1,50,246
"918",995,340,1265,656,135,631,1195,190,499,86
"919",321,289,300,301,319,288,258,322,748,245
"920",302,313,311,272,346,310,288,332,1612,350
"921",288,328,294,245,322,304,323,678,181,1016
"922",288,271,294,50,56,98,228,222,230,431
"923",333,288,307,689,340,325,294,334,322,338
"924",258,286,322,896,300,285,50,276,127,283
"925",288,323,245,324,325,332,876,299,682,260
"926",313,300,315,340,272,303,302,237,262,269
"927",328,300,1014,477,409,255,222,1093,7,125
"928",288,269,268,878,877,1025,266,749,358,876
"929",515,1,100,127,284,50,480,205,484,483
"930",286,288,245,690,50,100,1,275,237,282
"931",310,269,313,302,303,344,900,347,362,1022
"932",890,14,475,652,509,1266,1449,170,165,1558
"933",64,475,318,132,22,357,42,214,95,56
"934",269,302,286,315,313,303,902,316,181,50
"935",286,313,300,181,1,127,100,257,283,237
"936",313,258,272,333,268,269,904,346,327,300
"937",268,242,258,286,303,301,300,304,326,874
"938",313,300,258,288,358,260,343,873,243,333
"939",689,326,890,266,680,258,127,9,257,275
"940",286,319,310,683,301,347,271,264,315,289
"941",258,300,294,358,117,408,181,298,919,7
"942",315,750,347,313,269,310,362,272,258,304
"943",64,181,28,174,100,1067,127,508,763,50
